"DESCRIPTION","DURATION IN MS","NAME","PARENT SUITE","START TIME","STATUS","STOP TIME","SUB SUITE","SUITE","TEST CLASS","TEST METHOD"
"","10098","should have correct input types","chromium","2026-03-18","failed","2026-03-18","Login Page Tests > UI Elements Visibility","login.advanced.spec.ts","",""
"","8333","should login successfully with valid credentials","chromium","2026-03-18","passed","2026-03-18","Login Page Tests > Valid Credentials","login.advanced.spec.ts","",""
"","24461","should login successfully with valid credentials","firefox","2026-03-18","passed","2026-03-18","Login Page Tests > Valid Credentials","login.advanced.spec.ts","",""
"","8070","Login test for WrongUser - failure","chromium","2026-03-18","passed","2026-03-18","","login.spec.ts","",""
"","16461","AI assisted login validation","chromium","2026-03-18","failed","2026-03-18","","aiTest.spec.ts","",""
"","7859","should have working login button","webkit","2026-03-18","passed","2026-03-18","Login Page Tests > Form Behavior","login.advanced.spec.ts","",""
"","15601","should display all login form elements","firefox","2026-03-18","passed","2026-03-18","Login Page Tests > UI Elements Visibility","login.advanced.spec.ts","",""
"","37345","Recruitment","chromium","2026-03-18","failed","2026-03-18","","Recruitmentpages.spec.ts","",""
"","9592","should have correct input types","webkit","2026-03-18","failed","2026-03-18","Login Page Tests > UI Elements Visibility","login.advanced.spec.ts","",""
"","1458","API test","firefox","2026-03-18","failed","2026-03-18","","ApiTest.spec.ts","",""
"","21098","Login test for Admin - success","firefox","2026-03-18","passed","2026-03-18","","login.spec.ts","",""
"","8880","Invalid Login","webkit","2026-03-18","passed","2026-03-18","Login Feature","HooksLoginDashbord.spec.ts","",""
"","10308","should fail login with non-existent username","chromium","2026-03-18","passed","2026-03-18","Login Page Tests > Invalid Credentials","login.advanced.spec.ts","",""
"Verifies that the user can navigate to the Client Master page.","897","Client Master Navigation","chromium","2026-06-17","passed","2026-06-17","Client Master Tests","AuctionLoginpage.spec.ts","",""
"","8577","should display all login form elements","webkit","2026-03-18","passed","2026-03-18","Login Page Tests > UI Elements Visibility","login.advanced.spec.ts","",""
"","6412","should fail login with empty password","chromium","2026-03-18","passed","2026-03-18","Login Page Tests > Invalid Credentials","login.advanced.spec.ts","",""
"","7112","should clear and fill credentials correctly","webkit","2026-03-18","passed","2026-03-18","Login Page Tests > Form Behavior","login.advanced.spec.ts","",""
"","13526","Verify Dashboard & Click on Assign Leave","webkit","2026-03-18","passed","2026-03-18","Dashboard Test","Dashboard.spec.ts","",""
"","8639","should clear and fill credentials correctly","firefox","2026-03-18","passed","2026-03-18","Login Page Tests > Form Behavior","login.advanced.spec.ts","",""
"","30199","Apply Leave","chromium","2026-03-18","broken","2026-03-18","","Leave.spec.ts","",""
"","6678","get started link","firefox","2026-03-18","passed","2026-03-18","","example.spec.ts","",""
"","30460","AI assisted login validation","webkit","2026-03-18","broken","2026-03-18","","aiTest.spec.ts","",""
"","30343","Apply Leave","webkit","2026-03-18","broken","2026-03-18","","Leave.spec.ts","",""
"","0","Add Client","firefox","2026-06-17","skipped","2026-06-17","Client Master Tests","AuctionLoginpage.spec.ts","",""
"","7147","should display all login form elements","chromium","2026-03-18","passed","2026-03-18","Login Page Tests > UI Elements Visibility","login.advanced.spec.ts","",""
"","16677","Login test for Admin - failure","firefox","2026-03-18","passed","2026-03-18","","login.spec.ts","",""
"","9783","should display dashboard after successful login","chromium","2026-03-18","failed","2026-03-18","Login Page Tests > Valid Credentials","login.advanced.spec.ts","",""
"","3550","Client Master Navigation","chromium","2026-06-26","passed","2026-06-26","Client Master Tests","AuctionLoginpage.spec.ts","",""
"Verifies that a new bidder can be added and linked to an existing client.","22602","Add Bidder","chromium","2026-06-17","passed","2026-06-17","Client Master Tests","AuctionLoginpage.spec.ts","",""
"","3869","get started link","chromium","2026-03-18","passed","2026-03-18","","example.spec.ts","",""
"","2181","has title","webkit","2026-03-18","passed","2026-03-18","","example.spec.ts","",""
"","31091","Invalid login shows error","firefox","2026-03-18","broken","2026-03-18","Login Negative Test","Dashboard.spec.ts","",""
"","7195","Add Client","chromium","2026-06-26","passed","2026-06-26","Client Master Tests","AuctionLoginpage.spec.ts","",""
"","36892","AI assisted login validation","firefox","2026-03-18","broken","2026-03-18","","aiTest.spec.ts","",""
"","14032","should fail login with empty password","firefox","2026-03-18","passed","2026-03-18","Login Page Tests > Invalid Credentials","login.advanced.spec.ts","",""
"","8414","should fail login with empty username","chromium","2026-03-18","passed","2026-03-18","Login Page Tests > Invalid Credentials","login.advanced.spec.ts","",""
"","13159","Invalid Login","firefox","2026-03-18","passed","2026-03-18","Login Feature","HooksLoginDashbord.spec.ts","",""
"","13819","Navigate to Bidder Master","chromium","2026-06-26","passed","2026-06-26","Client Master Tests","AuctionLoginpage.spec.ts","",""
"","6363","should have working login button","chromium","2026-03-18","passed","2026-03-18","Login Page Tests > Form Behavior","login.advanced.spec.ts","",""
"","13395","Add Bidder","chromium","2026-06-26","passed","2026-06-26","Client Master Tests","AuctionLoginpage.spec.ts","",""
"","3031","has title","firefox","2026-03-18","passed","2026-03-18","","example.spec.ts","",""
"","10067","Valid Login","webkit","2026-03-18","passed","2026-03-18","Login Feature","HooksLoginDashbord.spec.ts","",""
"","17892","should fail login with empty username","firefox","2026-03-18","passed","2026-03-18","Login Page Tests > Invalid Credentials","login.advanced.spec.ts","",""
"","30153","should fail login with non-existent username","firefox","2026-03-18","broken","2026-03-18","Login Page Tests > Invalid Credentials","login.advanced.spec.ts","",""
"","8613","Login test for WrongUser - failure","webkit","2026-03-18","passed","2026-03-18","","login.spec.ts","",""
"","30825","Add Employee with Login Details","webkit","2026-03-18","broken","2026-03-18","","AddEmployee.spec.ts","",""
"","38240","Recruitment","webkit","2026-03-18","failed","2026-03-18","","Recruitmentpages.spec.ts","",""
"","30151","should fail login with incorrect password","firefox","2026-03-18","broken","2026-03-18","Login Page Tests > Invalid Credentials","login.advanced.spec.ts","",""
"","25932","Verify Dashboard & Click on Assign Leave","firefox","2026-03-18","passed","2026-03-18","Dashboard Test","Dashboard.spec.ts","",""
"","10431","should fail login with non-existent username","webkit","2026-03-18","passed","2026-03-18","Login Page Tests > Invalid Credentials","login.advanced.spec.ts","",""
"","14665","should have correct input types","firefox","2026-03-18","failed","2026-03-18","Login Page Tests > UI Elements Visibility","login.advanced.spec.ts","",""
"","15890","Valid Login","firefox","2026-03-18","passed","2026-03-18","Login Feature","HooksLoginDashbord.spec.ts","",""
"","16095","should fail login with incorrect password","chromium","2026-03-18","failed","2026-03-18","Login Page Tests > Invalid Credentials","login.advanced.spec.ts","",""
"","33442","Add Employee with Login Details","firefox","2026-03-18","broken","2026-03-18","","AddEmployee.spec.ts","",""
"","31640","should display dashboard after successful login","firefox","2026-03-18","failed","2026-03-18","Login Page Tests > Valid Credentials","login.advanced.spec.ts","",""
"","26686","Add Employee with Login Details","chromium","2026-03-18","failed","2026-03-18","","AddEmployee.spec.ts","",""
"","384714","Recruitment","firefox","2026-03-18","failed","2026-03-18","","Recruitmentpages.spec.ts","",""
"","17866","should have working login button","firefox","2026-03-18","passed","2026-03-18","Login Page Tests > Form Behavior","login.advanced.spec.ts","",""
"","2236","Create Auction","chromium","2026-06-29","passed","2026-06-29","Auction Creation Tests","Auctioncreatepage.spec.ts","",""
"","37828","Apply Leave","firefox","2026-03-18","broken","2026-03-18","","Leave.spec.ts","",""
"","10780","Invalid login shows error","webkit","2026-03-18","passed","2026-03-18","Login Negative Test","Dashboard.spec.ts","",""
"","20598","Login test for WrongUser - failure","firefox","2026-03-18","passed","2026-03-18","","login.spec.ts","",""
"","10918","Login test for Admin - failure","webkit","2026-03-18","passed","2026-03-18","","login.spec.ts","",""
"","8799","Login test for Admin - success","webkit","2026-03-18","passed","2026-03-18","","login.spec.ts","",""
"","19132","Verify Dashboard & Click on Assign Leave","chromium","2026-03-18","passed","2026-03-18","Dashboard Test","Dashboard.spec.ts","",""
"","6745","should fail login with empty password","webkit","2026-03-18","passed","2026-03-18","Login Page Tests > Invalid Credentials","login.advanced.spec.ts","",""
"","10108","Valid Login","chromium","2026-03-18","passed","2026-03-18","Login Feature","HooksLoginDashbord.spec.ts","",""
"","10143","should login successfully with valid credentials","webkit","2026-03-18","passed","2026-03-18","Login Page Tests > Valid Credentials","login.advanced.spec.ts","",""
"","2544","get started link","webkit","2026-03-18","passed","2026-03-18","","example.spec.ts","",""
"","9640","should display dashboard after successful login","webkit","2026-03-18","failed","2026-03-18","Login Page Tests > Valid Credentials","login.advanced.spec.ts","",""
"","6693","should clear and fill credentials correctly","chromium","2026-03-18","passed","2026-03-18","Login Page Tests > Form Behavior","login.advanced.spec.ts","",""
"","6978","should fail login with empty username","webkit","2026-03-18","passed","2026-03-18","Login Page Tests > Invalid Credentials","login.advanced.spec.ts","",""
"","3815","API test","chromium","2026-03-18","failed","2026-03-18","","ApiTest.spec.ts","",""
"","14597","Invalid login shows error","chromium","2026-03-18","passed","2026-03-18","Login Negative Test","Dashboard.spec.ts","",""
"Verifies that a new client can be added with all required details and a terms & conditions PDF.","8410","Add Client","chromium","2026-06-17","passed","2026-06-17","Client Master Tests","AuctionLoginpage.spec.ts","",""
"","9995","Invalid Login","chromium","2026-03-18","passed","2026-03-18","Login Feature","HooksLoginDashbord.spec.ts","",""
"Verifies that the user can navigate to the Client Master page.","44768","Client Master Navigation","firefox","2026-06-17","failed","2026-06-17","Client Master Tests","AuctionLoginpage.spec.ts","",""
"","8719","Login test for Admin - success","chromium","2026-03-18","passed","2026-03-18","","login.spec.ts","",""
"","739","API test","webkit","2026-03-18","failed","2026-03-18","","ApiTest.spec.ts","",""
"","7166","has title","chromium","2026-03-18","passed","2026-03-18","","example.spec.ts","",""
"","8694","Login test for Admin - failure","chromium","2026-03-18","passed","2026-03-18","","login.spec.ts","",""
"Verifies that the user can navigate to the Bidder Master page.","3966","Navigate to Bidder Master","chromium","2026-06-17","passed","2026-06-17","Client Master Tests","AuctionLoginpage.spec.ts","",""
"","14121","should fail login with incorrect password","webkit","2026-03-18","failed","2026-03-18","Login Page Tests > Invalid Credentials","login.advanced.spec.ts","",""
"","1271","Auction Creation Navigation","chromium","2026-06-29","passed","2026-06-29","Auction Creation Tests","Auctioncreatepage.spec.ts","",""
